season,team_name,team_id,roster_size,retained_players,new_players,departed_players,continuity_pct,avg_age,median_age,oldest_player,youngest_player,all_star_count,avg_experience,rookies_count
2000-01,Atlanta Hawks,1610612737,12,0,12,0,0.0,25.166666666666668,24.5,32.0,21.0,0,2.5833333333333335,2
2000-01,Boston Celtics,1610612738,12,0,12,0,0.0,25.416666666666668,25.0,30.0,23.0,0,2.75,2
2000-01,Cleveland Cavaliers,1610612739,12,0,12,0,0.0,27.5,27.0,33.0,21.0,0,4.75,1
2000-01,Chicago Bulls,1610612741,12,0,12,0,0.0,23.75,23.0,28.0,20.0,0,1.1666666666666667,6
2000-01,Dallas Mavericks,1610612742,13,0,13,0,0.0,26.923076923076923,27.0,36.0,20.0,0,4.3076923076923075,3
2000-01,Denver Nuggets,1610612743,12,0,12,0,0.0,29.0,28.5,38.0,24.0,0,5.583333333333333,1
2000-01,Golden State Warriors,1610612744,13,0,13,0,0.0,26.53846153846154,26.0,34.0,22.0,0,3.3846153846153846,3
2000-01,Houston Rockets,1610612745,12,0,12,0,0.0,27.75,26.5,38.0,23.0,0,4.416666666666667,2
2000-01,Los Angeles Clippers,1610612746,13,0,13,0,0.0,25.53846153846154,26.0,33.0,19.0,0,3.0,4
2000-01,Los Angeles Lakers,1610612747,12,0,12,0,0.0,29.083333333333332,29.5,37.0,22.0,0,7.0,1
2000-01,Miami Heat,1610612748,12,0,12,0,0.0,31.0,31.0,37.0,23.0,0,7.666666666666667,1
2000-01,Milwaukee Bucks,1610612749,12,0,12,0,0.0,27.666666666666668,28.0,33.0,21.0,0,4.583333333333333,1
2000-01,Minnesota Timberwolves,1610612750,12,0,12,0,0.0,28.25,28.0,37.0,21.0,0,4.916666666666667,0
2000-01,Brooklyn Nets,1610612751,12,0,12,0,0.0,27.083333333333332,25.5,37.0,22.0,0,3.9166666666666665,3
2000-01,New York Knicks,1610612752,13,0,13,0,0.0,29.615384615384617,30.0,36.0,23.0,0,6.461538461538462,1
2000-01,Orlando Magic,1610612753,12,0,12,0,0.0,27.083333333333332,27.5,33.0,21.0,0,4.25,1
2000-01,Indiana Pacers,1610612754,12,0,12,0,0.0,28.083333333333332,28.0,40.0,20.0,0,6.0,0
2000-01,Philadelphia 76ers,1610612755,12,0,12,0,0.0,27.75,28.0,35.0,22.0,0,4.583333333333333,1
2000-01,Phoenix Suns,1610612756,12,0,12,0,0.0,29.916666666666668,30.5,37.0,22.0,0,6.5,2
2000-01,Portland Trail Blazers,1610612757,12,0,12,0,0.0,32.5,32.5,38.0,26.0,0,9.0,0
2000-01,Sacramento Kings,1610612758,12,0,12,0,0.0,28.416666666666668,29.0,33.0,22.0,0,5.333333333333333,1
2000-01,San Antonio Spurs,1610612759,12,0,12,0,0.0,30.666666666666668,31.0,38.0,25.0,0,7.5,0
2000-01,Oklahoma City Thunder,1610612760,12,0,12,0,0.0,28.25,28.0,38.0,20.0,0,5.0,3
2000-01,Toronto Raptors,1610612761,12,0,12,0,0.0,29.166666666666668,28.5,37.0,23.0,0,5.833333333333333,1
2000-01,Utah Jazz,1610612762,12,0,12,0,0.0,31.5,32.0,39.0,20.0,0,8.5,1
2000-01,Memphis Grizzlies,1610612763,12,0,12,0,0.0,28.25,27.5,35.0,21.0,0,5.333333333333333,1
2000-01,Washington Wizards,1610612764,12,0,12,0,0.0,27.333333333333332,26.5,33.0,23.0,0,3.75,3
2000-01,Detroit Pistons,1610612765,12,0,12,0,0.0,27.083333333333332,26.0,34.0,23.0,0,4.083333333333333,2
2000-01,Charlotte Hornets,1610612766,12,0,12,0,0.0,30.0,30.5,38.0,22.0,0,7.0,1
2001-02,Atlanta Hawks,1610612737,13,8,5,4,66.66666666666666,25.846153846153847,25.0,33.0,21.0,0,3.1538461538461537,1
2001-02,Boston Celtics,1610612738,13,7,6,5,58.333333333333336,26.46153846153846,27.0,31.0,20.0,0,4.384615384615385,2
2001-02,Cleveland Cavaliers,1610612739,12,5,7,7,41.66666666666667,26.833333333333332,26.0,34.0,22.0,0,4.416666666666667,0
2001-02,Chicago Bulls,1610612741,12,4,8,8,33.33333333333333,24.0,23.5,29.0,19.0,0,2.0833333333333335,4
2001-02,Dallas Mavericks,1610612742,12,7,5,6,53.84615384615385,27.75,27.0,38.0,24.0,0,4.666666666666667,0
2001-02,Denver Nuggets,1610612743,12,4,8,8,33.33333333333333,26.166666666666668,26.0,35.0,21.0,0,3.1666666666666665,4
2001-02,Golden State Warriors,1610612744,12,5,7,8,38.46153846153847,25.833333333333332,26.0,35.0,20.0,0,3.1666666666666665,4
2001-02,Houston Rockets,1610612745,12,6,6,6,50.0,25.666666666666668,24.5,39.0,20.0,0,2.75,4
2001-02,Los Angeles Clippers,1610612746,12,5,7,8,38.46153846153847,25.583333333333332,26.0,32.0,20.0,0,2.9166666666666665,1
2001-02,Los Angeles Lakers,1610612747,12,8,4,4,66.66666666666666,28.833333333333332,28.5,37.0,23.0,0,6.666666666666667,0
2001-02,Miami Heat,1610612748,11,4,7,8,33.33333333333333,28.0,27.0,35.0,23.0,0,4.363636363636363,3
2001-02,Milwaukee Bucks,1610612749,12,9,3,3,75.0,28.416666666666668,28.5,35.0,22.0,0,5.333333333333333,0
2001-02,Minnesota Timberwolves,1610612750,12,7,5,5,58.333333333333336,28.0,26.5,38.0,24.0,0,5.166666666666667,1
2001-02,Brooklyn Nets,1610612751,13,3,10,9,25.0,26.23076923076923,26.0,31.0,22.0,0,3.076923076923077,4
2001-02,New York Knicks,1610612752,12,8,4,5,61.53846153846154,30.833333333333332,31.0,37.0,27.0,0,7.666666666666667,0
2001-02,Orlando Magic,1610612753,14,8,6,4,66.66666666666666,28.785714285714285,28.5,39.0,20.0,0,6.428571428571429,2
2001-02,Indiana Pacers,1610612754,14,5,9,7,41.66666666666667,25.357142857142858,24.5,36.0,21.0,0,3.5714285714285716,3
2001-02,Philadelphia 76ers,1610612755,15,5,10,7,41.66666666666667,27.866666666666667,26.0,36.0,22.0,0,4.533333333333333,4
2001-02,Phoenix Suns,1610612756,12,2,10,10,16.666666666666664,25.75,24.0,36.0,21.0,0,3.75,3
2001-02,Portland Trail Blazers,1610612757,15,4,11,8,33.33333333333333,29.066666666666666,28.0,37.0,20.0,0,6.4,2
2001-02,Sacramento Kings,1610612758,13,8,5,4,66.66666666666666,28.0,29.0,34.0,19.0,0,5.3076923076923075,1
2001-02,San Antonio Spurs,1610612759,14,6,8,6,50.0,29.857142857142858,28.5,39.0,20.0,0,6.428571428571429,1
2001-02,Oklahoma City Thunder,1610612760,13,7,6,5,58.333333333333336,25.76923076923077,26.0,33.0,21.0,0,3.0,4
2001-02,Toronto Raptors,1610612761,14,10,4,2,83.33333333333334,29.142857142857142,27.0,39.0,23.0,0,5.5,1
2001-02,Utah Jazz,1610612762,13,7,6,5,58.333333333333336,29.076923076923077,29.0,40.0,21.0,0,5.923076923076923,2
2001-02,Memphis Grizzlies,1610612763,12,3,9,9,25.0,25.416666666666668,23.5,36.0,21.0,0,3.1666666666666665,4
2001-02,Washington Wizards,1610612764,12,6,6,6,50.0,25.666666666666668,25.0,32.0,20.0,0,3.0833333333333335,4
2001-02,Detroit Pistons,1610612765,12,5,7,7,41.66666666666667,29.416666666666668,29.0,35.0,22.0,0,5.5,2
2001-02,Charlotte Hornets,1610612766,12,6,6,6,50.0,28.166666666666668,28.0,33.0,23.0,0,5.25,1
2002-03,Atlanta Hawks,1610612737,16,6,10,7,46.15384615384615,27.8125,28.0,34.0,24.0,0,4.125,3
2002-03,Boston Celtics,1610612738,12,7,5,6,53.84615384615385,26.75,27.5,31.0,22.0,0,4.416666666666667,1
2002-03,Cleveland Cavaliers,1610612739,18,5,13,7,41.66666666666667,25.833333333333332,24.5,35.0,20.0,0,3.9444444444444446,4
2002-03,New Orleans Pelicans,1610612740,16,0,16,0,0.0,29.0625,28.0,36.0,24.0,0,5.75,0
2002-03,Chicago Bulls,1610612741,15,8,7,4,66.66666666666666,26.133333333333333,24.0,34.0,20.0,0,3.8,3
2002-03,Dallas Mavericks,1610612742,15,9,6,3,75.0,28.533333333333335,28.0,38.0,22.0,0,5.2,1
2002-03,Denver Nuggets,1610612743,17,8,9,4,66.66666666666666,25.705882352941178,26.0,36.0,20.0,0,2.8823529411764706,5
2002-03,Golden State Warriors,1610612744,14,10,4,2,83.33333333333334,26.0,26.5,33.0,21.0,0,3.5714285714285716,2
2002-03,Houston Rockets,1610612745,17,10,7,2,83.33333333333334,25.823529411764707,26.0,36.0,21.0,0,2.6470588235294117,4
2002-03,Los Angeles Clippers,1610612746,17,6,11,6,50.0,26.294117647058822,25.0,33.0,20.0,0,3.3529411764705883,4
2002-03,Los Angeles Lakers,1610612747,16,10,6,2,83.33333333333334,27.4375,26.0,37.0,22.0,0,5.125,3
2002-03,Miami Heat,1610612748,17,9,8,2,81.81818181818183,27.11764705882353,27.0,33.0,23.0,0,3.4705882352941178,4
2002-03,Milwaukee Bucks,1610612749,16,6,10,6,50.0,27.5625,26.5,36.0,20.0,0,4.4375,5
2002-03,Minnesota Timberwolves,1610612750,16,9,7,3,75.0,28.3125,27.5,35.0,24.0,0,5.4375,1
2002-03,Brooklyn Nets,1610612751,16,10,6,3,76.92307692307693,28.3125,28.5,37.0,23.0,0,4.625,1
2002-03,New York Knicks,1610612752,16,9,7,3,75.0,28.6875,29.0,32.0,23.0,0,5.75,1
2002-03,Orlando Magic,1610612753,16,8,8,6,57.14285714285714,27.0625,26.5,37.0,21.0,0,4.625,3
2002-03,Indiana Pacers,1610612754,16,11,5,3,78.57142857142857,26.6875,25.5,37.0,22.0,0,4.8125,1
2002-03,Philadelphia 76ers,1610612755,18,7,11,8,46.666666666666664,27.61111111111111,27.0,38.0,23.0,0,4.333333333333333,3
2002-03,Phoenix Suns,1610612756,16,8,8,4,66.66666666666666,26.9375,25.0,35.0,20.0,0,4.5,3
2002-03,Portland Trail Blazers,1610612757,18,10,8,5,66.66666666666666,29.11111111111111,28.0,38.0,21.0,0,5.611111111111111,2
2002-03,Sacramento Kings,1610612758,17,12,5,1,92.3076923076923,28.11764705882353,28.0,35.0,20.0,0,4.588235294117647,1
2002-03,San Antonio Spurs,1610612759,17,7,10,7,50.0,29.705882352941178,27.0,40.0,21.0,0,6.235294117647059,2
2002-03,Oklahoma City Thunder,1610612760,16,8,8,5,61.53846153846154,26.875,27.0,34.0,22.0,0,3.375,1
2002-03,Toronto Raptors,1610612761,15,9,6,5,64.28571428571429,28.733333333333334,28.0,40.0,23.0,0,5.2,2
2002-03,Utah Jazz,1610612762,16,8,8,5,61.53846153846154,29.0625,28.0,41.0,22.0,0,5.5625,2
2002-03,Memphis Grizzlies,1610612763,17,8,9,4,66.66666666666666,25.58823529411765,24.0,35.0,21.0,0,2.6470588235294117,5
2002-03,Washington Wizards,1610612764,17,8,9,4,66.66666666666666,26.88235294117647,26.0,40.0,21.0,0,4.117647058823529,2
2002-03,Detroit Pistons,1610612765,14,7,7,5,58.333333333333336,28.928571428571427,28.5,36.0,23.0,0,5.285714285714286,2
2003-04,Atlanta Hawks,1610612737,15,3,12,13,18.75,27.8,28.0,33.0,22.0,0,4.0,2
2003-04,Boston Celtics,1610612738,15,2,13,10,16.666666666666664,26.2,25.0,37.0,19.0,0,3.8,3
2003-04,Cleveland Cavaliers,1610612739,14,4,10,14,22.22222222222222,25.857142857142858,27.0,31.0,19.0,0,3.2142857142857144,2
2003-04,New Orleans Pelicans,1610612740,14,9,5,7,56.25,30.071428571428573,30.0,36.0,23.0,0,6.642857142857143,2
2003-04,Chicago Bulls,1610612741,15,4,11,11,26.666666666666668,26.866666666666667,24.0,38.0,21.0,0,4.2,3
2003-04,Dallas Mavericks,1610612742,14,6,8,9,40.0,28.714285714285715,28.5,36.0,23.0,0,6.071428571428571,2
2003-04,Denver Nuggets,1610612743,15,6,9,11,35.294117647058826,26.666666666666668,28.0,34.0,20.0,0,3.7333333333333334,2
2003-04,Golden State Warriors,1610612744,15,5,10,9,35.714285714285715,28.533333333333335,28.0,39.0,22.0,0,5.8,1
2003-04,Houston Rockets,1610612745,14,6,8,11,35.294117647058826,29.785714285714285,28.5,40.0,23.0,0,6.857142857142857,0
2003-04,Los Angeles Clippers,1610612746,13,7,6,10,41.17647058823529,25.153846153846153,24.0,34.0,21.0,0,2.6153846153846154,2
2003-04,Los Angeles Lakers,1610612747,14,7,7,9,43.75,29.142857142857142,27.5,40.0,21.0,0,7.357142857142857,2
2003-04,Miami Heat,1610612748,15,5,10,12,29.411764705882355,27.066666666666666,26.0,36.0,22.0,0,4.066666666666666,3
2003-04,Milwaukee Bucks,1610612749,13,3,10,13,18.75,27.076923076923077,28.0,35.0,21.0,0,4.384615384615385,1
2003-04,Minnesota Timberwolves,1610612750,14,4,10,12,25.0,29.642857142857142,29.0,36.0,20.0,0,6.5,1
2003-04,Brooklyn Nets,1610612751,14,11,3,5,68.75,28.357142857142858,28.0,34.0,21.0,0,5.5,1
2003-04,New York Knicks,1610612752,15,5,10,11,31.25,28.6,30.0,38.0,21.0,0,6.133333333333334,1
2003-04,Orlando Magic,1610612753,15,5,10,11,31.25,26.133333333333333,25.0,34.0,20.0,0,4.133333333333334,4
2003-04,Indiana Pacers,1610612754,15,11,4,5,68.75,26.8,25.0,38.0,23.0,0,5.133333333333334,1
2003-04,Philadelphia 76ers,1610612755,15,8,7,10,44.44444444444444,28.066666666666666,29.0,37.0,22.0,0,4.6,2
2003-04,Phoenix Suns,1610612756,13,5,8,11,31.25,24.76923076923077,23.0,31.0,19.0,0,3.076923076923077,3
2003-04,Portland Trail Blazers,1610612757,15,6,9,12,33.33333333333333,26.133333333333333,26.0,35.0,19.0,0,4.0,3
2003-04,Sacramento Kings,1610612758,13,7,6,10,41.17647058823529,29.46153846153846,28.0,36.0,21.0,0,6.538461538461538,1
2003-04,San Antonio Spurs,1610612759,15,7,8,10,41.17647058823529,28.266666666666666,28.0,41.0,22.0,0,5.066666666666666,2
2003-04,Oklahoma City Thunder,1610612760,15,8,7,8,50.0,26.066666666666666,26.0,32.0,23.0,0,3.1333333333333333,3
2003-04,Toronto Raptors,1610612761,15,4,11,11,26.666666666666668,28.4,27.0,37.0,20.0,0,5.8,1
2003-04,Utah Jazz,1610612762,14,7,7,9,43.75,25.857142857142858,26.0,34.0,20.0,0,3.0,4
2003-04,Memphis Grizzlies,1610612763,15,6,9,11,35.294117647058826,25.466666666666665,25.0,33.0,23.0,0,3.1333333333333333,3
2003-04,Washington Wizards,1610612764,14,9,5,8,52.94117647058824,26.071428571428573,25.0,34.0,22.0,0,3.7142857142857144,2
2003-04,Detroit Pistons,1610612765,13,6,7,8,42.857142857142854,28.0,29.0,35.0,19.0,0,5.230769230769231,1
2004-05,Atlanta Hawks,1610612737,13,2,11,13,13.333333333333334,27.307692307692307,27.0,42.0,19.0,0,5.076923076923077,4
2004-05,Boston Celtics,1610612738,12,6,6,9,40.0,25.333333333333332,24.0,36.0,20.0,0,3.8333333333333335,4
2004-05,Cleveland Cavaliers,1610612739,11,5,6,9,35.714285714285715,25.818181818181817,25.0,32.0,20.0,0,3.727272727272727,1
2004-05,New Orleans Pelicans,1610612740,12,4,8,10,28.57142857142857,26.083333333333332,25.0,35.0,19.0,0,3.4166666666666665,2
2004-05,Chicago Bulls,1610612741,13,4,9,11,26.666666666666668,27.153846153846153,25.0,36.0,22.0,0,3.6923076923076925,4
2004-05,Dallas Mavericks,1610612742,12,5,7,9,35.714285714285715,28.916666666666668,29.0,37.0,22.0,0,6.333333333333333,1
2004-05,Denver Nuggets,1610612743,15,8,7,7,53.333333333333336,28.333333333333332,29.0,34.0,21.0,0,4.933333333333334,1
2004-05,Golden State Warriors,1610612744,12,6,6,9,40.0,25.416666666666668,24.5,33.0,19.0,0,3.8333333333333335,1
2004-05,Houston Rockets,1610612745,13,3,10,11,21.428571428571427,31.153846153846153,31.0,39.0,24.0,0,7.538461538461538,0
2004-05,Los Angeles Clippers,1610612746,12,5,7,8,38.46153846153847,26.166666666666668,25.5,33.0,19.0,0,2.75,3
2004-05,Los Angeles Lakers,1610612747,12,5,7,9,35.714285714285715,27.083333333333332,26.0,37.0,21.0,0,5.0,1
2004-05,Miami Heat,1610612748,13,4,9,11,26.666666666666668,29.0,28.0,36.0,19.0,0,6.615384615384615,1
2004-05,Milwaukee Bucks,1610612749,12,6,6,7,46.15384615384615,27.5,27.0,36.0,21.0,0,4.166666666666667,0
2004-05,Minnesota Timberwolves,1610612750,12,9,3,5,64.28571428571429,29.5,29.5,37.0,21.0,0,6.416666666666667,0
2004-05,Brooklyn Nets,1610612751,13,5,8,9,35.714285714285715,28.076923076923077,28.0,38.0,21.0,0,4.923076923076923,2
2004-05,New York Knicks,1610612752,12,4,8,11,26.666666666666668,26.583333333333332,28.0,32.0,20.0,0,5.0,2
2004-05,Orlando Magic,1610612753,12,2,10,13,13.333333333333334,26.583333333333332,26.5,36.0,19.0,0,3.5833333333333335,5
2004-05,Indiana Pacers,1610612754,14,10,4,5,66.66666666666666,28.357142857142858,27.0,39.0,23.0,0,5.857142857142857,1
2004-05,Philadelphia 76ers,1610612755,13,7,6,8,46.666666666666664,27.53846153846154,26.0,34.0,21.0,0,4.6923076923076925,1
2004-05,Phoenix Suns,1610612756,12,5,7,8,38.46153846153847,27.25,27.0,34.0,22.0,0,5.25,0
2004-05,Portland Trail Blazers,1610612757,12,7,5,8,46.666666666666664,25.5,26.0,32.0,19.0,0,4.083333333333333,3
2004-05,Sacramento Kings,1610612758,14,5,9,8,38.46153846153847,27.785714285714285,27.5,32.0,22.0,0,4.714285714285714,2
2004-05,San Antonio Spurs,1610612759,14,8,6,7,53.333333333333336,29.142857142857142,29.0,37.0,22.0,0,5.928571428571429,1
2004-05,Oklahoma City Thunder,1610612760,14,10,4,5,66.66666666666666,26.071428571428573,25.0,30.0,19.0,0,3.7142857142857144,3
2004-05,Toronto Raptors,1610612761,12,5,7,10,33.33333333333333,27.25,27.0,33.0,21.0,0,4.5,3
2004-05,Utah Jazz,1610612762,12,5,7,9,35.714285714285715,26.75,27.0,32.0,20.0,0,3.1666666666666665,2
2004-05,Memphis Grizzlies,1610612763,12,10,2,5,66.66666666666666,26.416666666666668,26.0,29.0,24.0,0,3.9166666666666665,1
2004-05,Washington Wizards,1610612764,12,8,4,6,57.14285714285714,26.416666666666668,26.0,35.0,23.0,0,3.9166666666666665,0
2004-05,Detroit Pistons,1610612765,14,9,5,4,69.23076923076923,28.0,29.0,36.0,20.0,0,5.428571428571429,2
2004-05,Charlotte Hornets,1610612766,12,0,12,0,0.0,25.666666666666668,25.0,32.0,22.0,0,2.5,2
2005-06,Atlanta Hawks,1610612737,13,6,7,7,46.15384615384615,23.615384615384617,23.0,29.0,20.0,0,1.9230769230769231,4
2005-06,Boston Celtics,1610612738,14,6,8,6,50.0,25.071428571428573,24.0,31.0,20.0,0,2.7857142857142856,4
2005-06,Cleveland Cavaliers,1610612739,15,7,8,4,63.63636363636363,26.733333333333334,26.0,33.0,20.0,0,4.6,2
2005-06,New Orleans Pelicans,1610612740,15,3,12,9,25.0,27.0,27.0,36.0,20.0,0,3.933333333333333,3
2005-06,Chicago Bulls,1610612741,15,8,7,5,61.53846153846154,26.066666666666666,25.0,35.0,21.0,0,3.3333333333333335,2
2005-06,Dallas Mavericks,1610612742,13,9,4,3,75.0,27.846153846153847,28.0,38.0,23.0,0,5.153846153846154,1
2005-06,Denver Nuggets,1610612743,15,10,5,5,66.66666666666666,27.4,29.0,33.0,21.0,0,4.666666666666667,2
2005-06,Golden State Warriors,1610612744,14,10,4,2,83.33333333333334,25.285714285714285,25.0,34.0,20.0,0,3.642857142857143,4
2005-06,Houston Rockets,1610612745,15,6,9,7,46.15384615384615,28.866666666666667,28.0,40.0,21.0,0,5.933333333333334,2
2005-06,Los Angeles Clippers,1610612746,13,5,8,7,41.66666666666667,27.692307692307693,26.0,36.0,20.0,0,4.923076923076923,2
2005-06,Los Angeles Lakers,1610612747,13,6,7,6,50.0,26.0,26.0,35.0,18.0,0,4.6923076923076925,2
2005-06,Miami Heat,1610612748,14,7,7,6,53.84615384615385,28.928571428571427,29.0,37.0,20.0,0,6.642857142857143,1
2005-06,Milwaukee Bucks,1610612749,13,4,9,8,33.33333333333333,27.923076923076923,27.0,38.0,21.0,0,4.769230769230769,1
2005-06,Minnesota Timberwolves,1610612750,14,4,10,8,33.33333333333333,26.428571428571427,26.5,31.0,21.0,0,4.0,2
2005-06,Brooklyn Nets,1610612751,13,8,5,5,61.53846153846154,28.46153846153846,29.0,39.0,22.0,0,5.846153846153846,1
2005-06,New York Knicks,1610612752,15,5,10,7,41.66666666666667,26.533333333333335,26.0,33.0,21.0,0,4.4,3
2005-06,Orlando Magic,1610612753,15,7,8,5,58.333333333333336,26.866666666666667,26.0,37.0,20.0,0,5.066666666666666,1
2005-06,Indiana Pacers,1610612754,13,9,4,5,64.28571428571429,28.0,28.0,31.0,23.0,0,4.846153846153846,2
2005-06,Philadelphia 76ers,1610612755,13,9,4,4,69.23076923076923,26.0,26.0,33.0,19.0,0,3.8461538461538463,2
2005-06,Phoenix Suns,1610612756,13,4,9,8,33.33333333333333,27.923076923076923,28.0,34.0,23.0,0,5.153846153846154,0
2005-06,Portland Trail Blazers,1610612757,14,7,7,5,58.333333333333336,24.928571428571427,24.0,33.0,19.0,0,3.642857142857143,2
2005-06,Sacramento Kings,1610612758,13,5,8,9,35.714285714285715,27.23076923076923,28.0,32.0,23.0,0,5.3076923076923075,2
2005-06,San Antonio Spurs,1610612759,14,9,5,5,64.28571428571429,30.285714285714285,30.5,35.0,23.0,0,6.642857142857143,1
2005-06,Oklahoma City Thunder,1610612760,13,7,6,7,50.0,25.615384615384617,26.0,30.0,20.0,0,3.5384615384615383,2
2005-06,Toronto Raptors,1610612761,13,3,10,9,25.0,26.384615384615383,24.0,35.0,21.0,0,3.230769230769231,3
2005-06,Utah Jazz,1610612762,13,5,8,7,41.66666666666667,25.692307692307693,26.0,30.0,19.0,0,2.769230769230769,3
2005-06,Memphis Grizzlies,1610612763,15,7,8,5,58.333333333333336,27.6,27.0,34.0,23.0,0,4.666666666666667,3
2005-06,Washington Wizards,1610612764,13,6,7,6,50.0,26.846153846153847,28.0,31.0,19.0,0,3.5384615384615383,2
2005-06,Detroit Pistons,1610612765,13,8,5,6,57.14285714285714,29.53846153846154,31.0,37.0,23.0,0,7.0,1
2005-06,Charlotte Hornets,1610612766,14,7,7,5,58.333333333333336,25.428571428571427,25.5,30.0,22.0,0,2.642857142857143,4
2006-07,Atlanta Hawks,1610612737,15,9,6,4,69.23076923076923,25.466666666666665,24.0,32.0,21.0,0,3.6666666666666665,2
2006-07,Boston Celtics,1610612738,15,10,5,4,71.42857142857143,25.333333333333332,23.0,34.0,21.0,0,3.466666666666667,3
2006-07,Cleveland Cavaliers,1610612739,15,10,5,5,66.66666666666666,27.866666666666667,28.0,36.0,21.0,0,5.866666666666666,2
2006-07,New Orleans Pelicans,1610612740,15,7,8,8,46.666666666666664,26.333333333333332,27.0,34.0,21.0,0,3.6,3
2006-07,Chicago Bulls,1610612741,15,7,8,8,46.666666666666664,26.0,24.0,37.0,20.0,0,3.6,2
2006-07,Dallas Mavericks,1610612742,15,8,7,5,61.53846153846154,28.466666666666665,29.0,44.0,23.0,0,6.066666666666666,3
2006-07,Denver Nuggets,1610612743,15,8,7,7,53.333333333333336,26.4,27.0,33.0,21.0,0,4.4,1
2006-07,Golden State Warriors,1610612744,14,7,7,7,50.0,25.785714285714285,26.0,32.0,21.0,0,3.5,2
2006-07,Houston Rockets,1610612745,14,7,7,8,46.666666666666664,27.785714285714285,27.0,41.0,24.0,0,4.928571428571429,2
2006-07,Los Angeles Clippers,1610612746,15,9,6,4,69.23076923076923,26.933333333333334,26.0,37.0,20.0,0,4.733333333333333,2
2006-07,Los Angeles Lakers,1610612747,15,11,4,2,84.61538461538461,26.133333333333333,26.0,34.0,19.0,0,4.466666666666667,1
2006-07,Miami Heat,1610612748,15,12,3,2,85.71428571428571,29.133333333333333,30.0,38.0,21.0,0,6.733333333333333,1
2006-07,Milwaukee Bucks,1610612749,15,6,9,7,46.15384615384615,25.866666666666667,27.0,31.0,20.0,0,3.1333333333333333,4
2006-07,Minnesota Timberwolves,1610612750,11,9,2,5,64.28571428571429,27.0,28.0,31.0,22.0,0,4.636363636363637,2
2006-07,Brooklyn Nets,1610612751,15,8,7,5,61.53846153846154,27.066666666666666,26.0,40.0,21.0,0,4.666666666666667,4
2006-07,New York Knicks,1610612752,15,10,5,5,66.66666666666666,26.266666666666666,25.0,32.0,21.0,0,4.4,3
2006-07,Orlando Magic,1610612753,15,12,3,3,80.0,26.666666666666668,27.0,36.0,21.0,0,4.733333333333333,2
2006-07,Indiana Pacers,1610612754,15,5,10,8,38.46153846153847,27.0,26.0,39.0,21.0,0,3.7333333333333334,1
2006-07,Philadelphia 76ers,1610612755,14,8,6,5,61.53846153846154,26.357142857142858,25.0,34.0,20.0,0,4.071428571428571,3
2006-07,Phoenix Suns,1610612756,14,9,5,4,69.23076923076923,29.428571428571427,29.5,36.0,24.0,0,6.357142857142857,0
2006-07,Portland Trail Blazers,1610612757,15,6,9,8,42.857142857142854,25.066666666666666,25.0,31.0,20.0,0,3.1333333333333333,3
2006-07,Sacramento Kings,1610612758,13,10,3,3,76.92307692307693,27.46153846153846,27.0,33.0,23.0,0,5.3076923076923075,2
2006-07,San Antonio Spurs,1610612759,15,10,5,4,71.42857142857143,29.8,31.0,36.0,22.0,0,5.8,1
2006-07,Oklahoma City Thunder,1610612760,15,11,4,2,84.61538461538461,26.2,26.0,32.0,21.0,0,4.0,3
2006-07,Toronto Raptors,1610612761,15,8,7,5,61.53846153846154,26.6,25.0,36.0,21.0,0,3.0,3
2006-07,Utah Jazz,1610612762,13,9,4,4,69.23076923076923,25.76923076923077,26.0,32.0,20.0,0,3.3846153846153846,3
2006-07,Memphis Grizzlies,1610612763,14,8,6,7,53.333333333333336,25.928571428571427,26.0,33.0,20.0,0,3.4285714285714284,4
2006-07,Washington Wizards,1610612764,15,10,5,3,76.92307692307693,27.0,27.0,32.0,20.0,0,4.333333333333333,1
2006-07,Detroit Pistons,1610612765,14,8,6,5,61.53846153846154,29.071428571428573,29.0,38.0,20.0,0,7.071428571428571,1
2006-07,Charlotte Hornets,1610612766,15,9,6,5,64.28571428571429,26.666666666666668,26.0,33.0,22.0,0,4.066666666666666,3
2007-08,Atlanta Hawks,1610612737,13,8,5,7,53.333333333333336,24.692307692307693,24.0,30.0,22.0,0,2.8461538461538463,3
2007-08,Boston Celtics,1610612738,15,6,9,9,40.0,28.866666666666667,30.0,38.0,22.0,0,6.666666666666667,2
2007-08,Cleveland Cavaliers,1610612739,15,8,7,7,53.333333333333336,28.4,29.0,35.0,22.0,0,5.666666666666667,1
2007-08,New Orleans Pelicans,1610612740,14,7,7,8,46.666666666666664,28.0,29.0,33.0,21.0,0,5.071428571428571,1
2007-08,Chicago Bulls,1610612741,15,7,8,8,46.666666666666664,24.2,23.0,29.0,21.0,0,2.2666666666666666,4
2007-08,Dallas Mavericks,1610612742,15,7,8,8,46.666666666666664,30.066666666666666,30.0,36.0,23.0,0,7.866666666666666,0
2007-08,Denver Nuggets,1610612743,14,10,4,5,66.66666666666666,27.428571428571427,25.5,34.0,21.0,0,5.285714285714286,1
2007-08,Golden State Warriors,1610612744,14,9,5,5,64.28571428571429,25.214285714285715,24.0,33.0,20.0,0,3.5,4
2007-08,Houston Rockets,1610612745,15,8,7,6,57.14285714285714,28.6,28.0,42.0,23.0,0,4.866666666666666,4
2007-08,Los Angeles Clippers,1610612746,15,8,7,7,53.333333333333336,26.6,27.0,32.0,21.0,0,4.466666666666667,3
2007-08,Los Angeles Lakers,1610612747,15,9,6,6,60.0,26.533333333333335,27.0,33.0,20.0,0,4.866666666666666,1
2007-08,Miami Heat,1610612748,17,7,10,8,46.666666666666664,27.0,26.0,38.0,21.0,0,3.8823529411764706,5
2007-08,Milwaukee Bucks,1610612749,14,7,7,8,46.666666666666664,26.857142857142858,28.0,31.0,20.0,0,3.857142857142857,2
2007-08,Minnesota Timberwolves,1610612750,14,5,9,6,45.45454545454545,26.142857142857142,24.5,32.0,22.0,0,3.9285714285714284,2
2007-08,Brooklyn Nets,1610612751,13,6,7,9,40.0,26.76923076923077,26.0,40.0,21.0,0,4.6923076923076925,1
2007-08,New York Knicks,1610612752,15,12,3,3,80.0,26.4,26.0,33.0,21.0,0,4.8,1
2007-08,Orlando Magic,1610612753,15,10,5,5,66.66666666666666,27.533333333333335,28.0,33.0,22.0,0,5.2,1
2007-08,Indiana Pacers,1610612754,15,10,5,5,66.66666666666666,26.8,27.0,31.0,22.0,0,4.133333333333334,0
2007-08,Philadelphia 76ers,1610612755,14,9,5,5,64.28571428571429,26.0,24.5,35.0,20.0,0,3.5,3
2007-08,Phoenix Suns,1610612756,14,7,7,7,50.0,29.928571428571427,31.0,37.0,23.0,0,6.857142857142857,2
2007-08,Portland Trail Blazers,1610612757,14,8,6,7,53.333333333333336,24.142857142857142,23.0,32.0,20.0,0,2.7857142857142856,2
2007-08,Sacramento Kings,1610612758,14,8,6,5,61.53846153846154,27.857142857142858,28.0,33.0,20.0,0,5.785714285714286,1
2007-08,San Antonio Spurs,1610612759,15,10,5,5,66.66666666666666,31.666666666666668,33.0,37.0,21.0,0,7.933333333333334,1
2007-08,Oklahoma City Thunder,1610612760,15,9,6,6,60.0,26.266666666666666,27.0,35.0,19.0,0,3.7333333333333334,2
2007-08,Toronto Raptors,1610612761,13,8,5,7,53.333333333333336,27.0,26.0,33.0,22.0,0,3.3076923076923075,1
2007-08,Utah Jazz,1610612762,14,9,5,4,69.23076923076923,25.714285714285715,25.5,32.0,21.0,0,3.5,2
2007-08,Memphis Grizzlies,1610612763,12,5,7,9,35.714285714285715,24.916666666666668,25.5,31.0,20.0,0,3.1666666666666665,2
2007-08,Washington Wizards,1610612764,13,10,3,5,66.66666666666666,26.846153846153847,27.0,33.0,21.0,0,4.461538461538462,3
2007-08,Detroit Pistons,1610612765,15,8,7,6,57.14285714285714,28.266666666666666,29.0,37.0,21.0,0,5.733333333333333,3
2007-08,Charlotte Hornets,1610612766,14,9,5,6,60.0,26.571428571428573,25.0,34.0,22.0,0,4.571428571428571,2
2008-09,Atlanta Hawks,1610612737,15,10,5,3,76.92307692307693,25.733333333333334,24.0,31.0,23.0,0,3.6,1
2008-09,Boston Celtics,1610612738,15,11,4,4,73.33333333333333,27.6,27.0,33.0,21.0,0,5.8,2
2008-09,Cleveland Cavaliers,1610612739,15,9,6,6,60.0,27.266666666666666,26.0,34.0,20.0,0,5.533333333333333,3
2008-09,New Orleans Pelicans,1610612740,14,10,4,4,71.42857142857143,29.285714285714285,30.5,34.0,22.0,0,6.428571428571429,0
2008-09,Chicago Bulls,1610612741,15,6,9,9,40.0,27.4,26.0,38.0,20.0,0,4.933333333333334,2
2008-09,Dallas Mavericks,1610612742,15,10,5,5,66.66666666666666,28.266666666666666,28.0,36.0,23.0,0,6.4,0
2008-09,Denver Nuggets,1610612743,14,7,7,7,50.0,27.142857142857142,26.5,34.0,22.0,0,5.428571428571429,1
2008-09,Golden State Warriors,1610612744,14,7,7,7,50.0,24.642857142857142,24.0,31.0,19.0,0,2.9285714285714284,3
2008-09,Houston Rockets,1610612745,15,8,7,7,53.333333333333336,28.4,28.0,43.0,23.0,0,5.333333333333333,1
2008-09,Los Angeles Clippers,1610612746,14,2,12,13,13.333333333333334,26.785714285714285,26.5,35.0,20.0,0,4.642857142857143,3
2008-09,Los Angeles Lakers,1610612747,14,10,4,5,66.66666666666666,26.142857142857142,25.5,34.0,21.0,0,4.857142857142857,1
2008-09,Miami Heat,1610612748,15,7,8,10,41.17647058823529,26.533333333333335,26.0,33.0,20.0,0,3.8,2
2008-09,Milwaukee Bucks,1610612749,15,6,9,8,42.857142857142854,27.533333333333335,29.0,33.0,22.0,0,4.466666666666667,2
2008-09,Minnesota Timberwolves,1610612750,15,7,8,7,50.0,26.733333333333334,25.0,36.0,20.0,0,4.133333333333334,2
2008-09,Brooklyn Nets,1610612751,14,6,8,7,46.15384615384615,25.785714285714285,25.5,32.0,21.0,0,3.857142857142857,3
2008-09,New York Knicks,1610612752,15,6,9,9,40.0,25.933333333333334,26.0,33.0,20.0,0,4.666666666666667,3
2008-09,Orlando Magic,1610612753,14,8,6,7,53.333333333333336,28.5,28.0,34.0,23.0,0,6.214285714285714,1
2008-09,Indiana Pacers,1610612754,15,8,7,7,53.333333333333336,27.466666666666665,27.0,33.0,22.0,0,4.266666666666667,2
2008-09,Philadelphia 76ers,1610612755,14,8,6,6,57.14285714285714,27.642857142857142,27.5,36.0,21.0,0,5.714285714285714,1
2008-09,Phoenix Suns,1610612756,13,6,7,8,42.857142857142854,28.0,26.0,37.0,21.0,0,5.846153846153846,2
2008-09,Portland Trail Blazers,1610612757,15,10,5,4,71.42857142857143,25.0,24.0,33.0,20.0,0,3.4,4
2008-09,Sacramento Kings,1610612758,13,5,8,9,35.714285714285715,26.46153846153846,26.0,36.0,21.0,0,4.076923076923077,2
2008-09,San Antonio Spurs,1610612759,15,11,4,4,73.33333333333333,30.066666666666666,31.0,38.0,22.0,0,6.4,1
2008-09,Oklahoma City Thunder,1610612760,15,6,9,9,40.0,25.933333333333334,25.0,34.0,20.0,0,3.8666666666666667,3
2008-09,Toronto Raptors,1610612761,15,7,8,6,53.84615384615385,26.4,25.0,34.0,22.0,0,3.6,2
2008-09,Utah Jazz,1610612762,15,13,2,1,92.85714285714286,26.4,26.0,33.0,20.0,0,4.466666666666667,1
2008-09,Memphis Grizzlies,1610612763,14,4,10,8,33.33333333333333,25.642857142857142,25.0,32.0,21.0,0,3.5714285714285716,4
2008-09,Washington Wizards,1610612764,15,11,4,2,84.61538461538461,27.066666666666666,28.0,34.0,21.0,0,4.6,1
2008-09,Detroit Pistons,1610612765,13,9,4,6,60.0,27.76923076923077,27.0,34.0,22.0,0,5.384615384615385,1
2008-09,Charlotte Hornets,1610612766,15,5,10,9,35.714285714285715,26.466666666666665,26.0,36.0,21.0,0,4.466666666666667,5
2009-10,Atlanta Hawks,1610612737,13,9,4,6,60.0,27.46153846153846,26.0,34.0,22.0,0,6.0,1
2009-10,Boston Celtics,1610612738,15,8,7,7,53.333333333333336,29.133333333333333,28.0,37.0,24.0,0,6.866666666666666,2
2009-10,Cleveland Cavaliers,1610612739,15,8,7,7,53.333333333333336,28.2,27.0,38.0,21.0,0,5.466666666666667,1
2009-10,New Orleans Pelicans,1610612740,13,7,6,7,50.0,28.0,27.0,34.0,22.0,0,5.230769230769231,2
2009-10,Chicago Bulls,1610612741,15,5,10,10,33.33333333333333,26.533333333333335,25.0,34.0,21.0,0,3.6,2
2009-10,Dallas Mavericks,1610612742,13,6,7,9,40.0,30.692307692307693,32.0,37.0,22.0,0,8.692307692307692,1
2009-10,Denver Nuggets,1610612743,15,9,6,5,64.28571428571429,27.666666666666668,27.0,35.0,22.0,0,5.2,2
2009-10,Golden State Warriors,1610612744,15,9,6,5,64.28571428571429,25.266666666666666,25.0,32.0,20.0,0,3.4,3
2009-10,Houston Rockets,1610612745,15,6,9,9,40.0,26.4,27.0,31.0,22.0,0,4.333333333333333,3
2009-10,Los Angeles Clippers,1610612746,14,7,7,7,50.0,26.642857142857142,26.5,34.0,21.0,0,4.642857142857143,1
2009-10,Los Angeles Lakers,1610612747,13,12,1,2,85.71428571428571,27.76923076923077,29.0,35.0,22.0,0,6.615384615384615,0
2009-10,Miami Heat,1610612748,16,11,5,4,73.33333333333333,27.375,27.5,33.0,21.0,0,5.25,1
2009-10,Milwaukee Bucks,1610612749,15,6,9,9,40.0,28.266666666666666,29.0,37.0,20.0,0,5.666666666666667,1
2009-10,Minnesota Timberwolves,1610612750,15,5,10,10,33.33333333333333,24.933333333333334,24.0,33.0,21.0,0,3.066666666666667,3
2009-10,Brooklyn Nets,1610612751,14,9,5,5,64.28571428571429,26.428571428571427,25.5,34.0,22.0,0,4.428571428571429,1
2009-10,New York Knicks,1610612752,14,6,8,9,40.0,26.428571428571427,27.0,32.0,21.0,0,4.785714285714286,1
2009-10,Orlando Magic,1610612753,13,8,5,6,57.14285714285714,28.923076923076923,28.0,35.0,22.0,0,6.769230769230769,0
2009-10,Indiana Pacers,1610612754,14,8,6,7,53.333333333333336,26.785714285714285,27.0,33.0,23.0,0,4.214285714285714,2
2009-10,Philadelphia 76ers,1610612755,14,8,6,6,57.14285714285714,26.571428571428573,26.0,35.0,20.0,0,4.571428571428571,2
2009-10,Phoenix Suns,1610612756,14,9,5,4,69.23076923076923,27.428571428571427,27.0,37.0,22.0,0,5.071428571428571,2
2009-10,Portland Trail Blazers,1610612757,15,8,7,7,53.333333333333336,26.2,24.0,37.0,21.0,0,4.333333333333333,3
2009-10,Sacramento Kings,1610612758,13,6,7,7,46.15384615384615,25.0,24.0,32.0,20.0,0,2.3076923076923075,3
2009-10,San Antonio Spurs,1610612759,15,7,8,8,46.666666666666664,27.266666666666666,28.0,35.0,21.0,0,4.466666666666667,4
2009-10,Oklahoma City Thunder,1610612760,15,8,7,7,53.333333333333336,24.733333333333334,23.0,37.0,20.0,0,2.6,5
2009-10,Toronto Raptors,1610612761,15,5,10,10,33.33333333333333,26.2,26.0,34.0,20.0,0,4.333333333333333,1
2009-10,Utah Jazz,1610612762,13,10,3,5,66.66666666666666,25.615384615384617,25.0,31.0,21.0,0,3.5384615384615383,3
2009-10,Memphis Grizzlies,1610612763,15,6,9,8,42.857142857142854,24.8,25.0,32.0,22.0,0,2.466666666666667,4
2009-10,Washington Wizards,1610612764,16,5,11,10,33.33333333333333,26.9375,26.0,35.0,22.0,0,4.125,1
2009-10,Detroit Pistons,1610612765,14,6,8,7,46.15384615384615,27.428571428571427,27.0,35.0,22.0,0,5.142857142857143,3
2009-10,Charlotte Hornets,1610612766,15,7,8,8,46.666666666666664,27.133333333333333,27.0,37.0,22.0,0,5.866666666666666,2
2010-11,Atlanta Hawks,1610612737,15,8,7,5,61.53846153846154,27.6,27.0,33.0,23.0,0,5.333333333333333,2
2010-11,Boston Celtics,1610612738,15,5,10,10,33.33333333333333,29.066666666666666,27.0,39.0,20.0,0,8.266666666666667,1
2010-11,Cleveland Cavaliers,1610612739,15,5,10,10,33.33333333333333,26.266666666666666,25.0,36.0,21.0,0,3.6666666666666665,5
2010-11,New Orleans Pelicans,1610612740,15,4,11,9,30.76923076923077,27.2,27.0,31.0,23.0,0,5.266666666666667,2
2010-11,Chicago Bulls,1610612741,15,5,10,10,33.33333333333333,28.6,28.0,38.0,22.0,0,5.466666666666667,1
2010-11,Dallas Mavericks,1610612742,15,9,6,4,69.23076923076923,29.733333333333334,31.0,38.0,22.0,0,7.866666666666666,1
2010-11,Denver Nuggets,1610612743,14,6,8,9,40.0,26.785714285714285,25.5,33.0,22.0,0,4.785714285714286,2
2010-11,Golden State Warriors,1610612744,14,5,9,10,33.33333333333333,26.0,25.0,32.0,22.0,0,3.5,3
2010-11,Houston Rockets,1610612745,15,7,8,8,46.666666666666664,25.933333333333334,25.0,35.0,22.0,0,3.066666666666667,3
2010-11,Los Angeles Clippers,1610612746,14,5,9,9,35.714285714285715,25.357142857142858,27.0,31.0,20.0,0,3.2142857142857144,4
2010-11,Los Angeles Lakers,1610612747,15,8,7,5,61.53846153846154,29.6,31.0,38.0,21.0,0,8.0,2
2010-11,Miami Heat,1610612748,15,6,9,10,37.5,30.533333333333335,31.0,38.0,23.0,0,8.266666666666667,1
2010-11,Milwaukee Bucks,1610612749,14,7,7,8,46.666666666666664,27.214285714285715,27.0,35.0,21.0,0,5.428571428571429,1
2010-11,Minnesota Timberwolves,1610612750,13,4,9,11,26.666666666666668,24.153846153846153,24.0,30.0,21.0,0,2.6923076923076925,3
2010-11,Brooklyn Nets,1610612751,15,2,13,12,14.285714285714285,25.733333333333334,25.0,33.0,23.0,0,3.7333333333333334,2
2010-11,New York Knicks,1610612752,15,2,13,12,14.285714285714285,27.2,27.0,36.0,23.0,0,5.0,2
2010-11,Orlando Magic,1610612753,13,5,8,8,38.46153846153847,27.384615384615383,28.0,33.0,20.0,0,5.923076923076923,1
2010-11,Indiana Pacers,1610612754,15,11,4,3,78.57142857142857,26.4,25.0,34.0,20.0,0,4.133333333333334,2
2010-11,Philadelphia 76ers,1610612755,15,8,7,6,57.14285714285714,27.066666666666666,24.0,36.0,21.0,0,5.066666666666666,2
2010-11,Phoenix Suns,1610612756,14,5,9,9,35.714285714285715,28.214285714285715,27.5,38.0,22.0,0,5.214285714285714,3
2010-11,Portland Trail Blazers,1610612757,15,8,7,7,53.333333333333336,25.866666666666667,25.0,37.0,22.0,0,3.6,4
2010-11,Sacramento Kings,1610612758,13,6,7,7,46.15384615384615,25.153846153846153,24.0,31.0,20.0,0,2.6923076923076925,3
2010-11,San Antonio Spurs,1610612759,15,8,7,7,53.333333333333336,27.866666666666667,27.0,36.0,22.0,0,4.733333333333333,4
2010-11,Oklahoma City Thunder,1610612760,15,8,7,7,53.333333333333336,25.066666666666666,24.0,33.0,21.0,0,3.466666666666667,2
2010-11,Toronto Raptors,1610612761,15,7,8,8,46.666666666666664,24.866666666666667,24.0,31.0,21.0,0,3.066666666666667,2
2010-11,Utah Jazz,1610612762,14,6,8,7,46.15384615384615,27.285714285714285,27.0,35.0,19.0,0,5.142857142857143,3
2010-11,Memphis Grizzlies,1610612763,14,8,6,7,53.333333333333336,25.285714285714285,25.0,32.0,20.0,0,3.142857142857143,3
2010-11,Washington Wizards,1610612764,15,4,11,12,25.0,25.266666666666666,24.0,32.0,20.0,0,2.6666666666666665,7
2010-11,Detroit Pistons,1610612765,15,12,3,2,85.71428571428571,27.133333333333333,28.0,36.0,21.0,0,5.266666666666667,2
2010-11,Charlotte Hornets,1610612766,15,6,9,9,40.0,27.2,25.0,34.0,23.0,0,5.4,0
2011-12,Atlanta Hawks,1610612737,15,8,7,7,53.333333333333336,30.133333333333333,31.0,37.0,24.0,0,8.333333333333334,1
2011-12,Boston Celtics,1610612738,15,6,9,9,40.0,28.333333333333332,27.0,36.0,21.0,0,6.6,3
2011-12,Cleveland Cavaliers,1610612739,15,9,6,6,60.0,26.0,24.0,37.0,20.0,0,3.2666666666666666,4
2011-12,New Orleans Pelicans,1610612740,15,6,9,9,40.0,25.8,26.0,30.0,21.0,0,3.066666666666667,3
2011-12,Chicago Bulls,1610612741,14,11,3,4,73.33333333333333,28.642857142857142,27.5,37.0,22.0,0,5.5,1
2011-12,Dallas Mavericks,1610612742,15,9,6,6,60.0,30.066666666666666,32.0,39.0,23.0,0,8.266666666666667,0
2011-12,Denver Nuggets,1610612743,15,8,7,6,57.14285714285714,26.0,25.0,36.0,21.0,0,4.0,3
2011-12,Golden State Warriors,1610612744,15,4,11,10,28.57142857142857,26.266666666666666,26.0,36.0,21.0,0,4.2,5
2011-12,Houston Rockets,1610612745,15,7,8,8,46.666666666666664,27.066666666666666,26.0,38.0,21.0,0,4.066666666666666,5
2011-12,Los Angeles Clippers,1610612746,15,6,9,8,42.857142857142854,27.8,28.0,35.0,22.0,0,5.666666666666667,2
2011-12,Los Angeles Lakers,1610612747,14,7,7,8,46.666666666666664,27.142857142857142,25.5,33.0,21.0,0,5.785714285714286,2
2011-12,Miami Heat,1610612748,15,10,5,5,66.66666666666666,29.066666666666666,29.0,39.0,23.0,0,6.733333333333333,2
2011-12,Milwaukee Bucks,1610612749,15,7,8,7,50.0,25.866666666666667,25.0,31.0,19.0,0,4.333333333333333,2
2011-12,Minnesota Timberwolves,1610612750,15,10,5,3,76.92307692307693,25.333333333333332,24.0,36.0,21.0,0,3.7333333333333334,3
2011-12,Brooklyn Nets,1610612751,15,8,7,7,53.333333333333336,25.8,26.0,31.0,21.0,0,4.266666666666667,2
2011-12,New York Knicks,1610612752,15,5,10,10,33.33333333333333,27.666666666666668,28.0,34.0,22.0,0,5.733333333333333,3
2011-12,Orlando Magic,1610612753,15,10,5,3,76.92307692307693,26.6,26.0,33.0,21.0,0,4.933333333333334,3
2011-12,Indiana Pacers,1610612754,15,9,6,6,60.0,26.866666666666667,26.0,35.0,21.0,0,4.4,0
2011-12,Philadelphia 76ers,1610612755,14,10,4,5,66.66666666666666,25.571428571428573,24.0,36.0,21.0,0,3.857142857142857,3
2011-12,Phoenix Suns,1610612756,13,8,5,6,57.14285714285714,29.076923076923077,29.0,39.0,22.0,0,6.769230769230769,1
2011-12,Portland Trail Blazers,1610612757,15,5,10,10,33.33333333333333,26.6,25.0,39.0,23.0,0,4.8,2
2011-12,Sacramento Kings,1610612758,14,7,7,6,53.84615384615385,25.0,24.5,32.0,21.0,0,3.0714285714285716,3
2011-12,San Antonio Spurs,1610612759,15,9,6,6,60.0,27.533333333333335,27.0,36.0,20.0,0,4.533333333333333,3
2011-12,Oklahoma City Thunder,1610612760,15,12,3,3,80.0,26.466666666666665,25.0,37.0,22.0,0,4.933333333333334,1
2011-12,Toronto Raptors,1610612761,14,9,5,6,60.0,26.142857142857142,25.5,34.0,22.0,0,3.5714285714285716,0
2011-12,Utah Jazz,1610612762,15,9,6,5,64.28571428571429,26.733333333333334,27.0,35.0,20.0,0,4.6,2
2011-12,Memphis Grizzlies,1610612763,15,8,7,6,57.14285714285714,25.866666666666667,25.0,30.0,21.0,0,3.6666666666666665,2
2011-12,Washington Wizards,1610612764,15,7,8,8,46.666666666666664,26.0,25.0,33.0,21.0,0,3.7333333333333334,3
2011-12,Detroit Pistons,1610612765,14,10,4,5,66.66666666666666,27.571428571428573,28.0,37.0,20.0,0,4.428571428571429,3
2011-12,Charlotte Hornets,1610612766,15,7,8,8,46.666666666666664,26.266666666666666,25.0,35.0,19.0,0,4.266666666666667,3
2012-13,Atlanta Hawks,1610612737,15,5,10,10,33.33333333333333,27.533333333333335,27.0,32.0,22.0,0,5.466666666666667,2
2012-13,Boston Celtics,1610612738,15,5,10,10,33.33333333333333,27.733333333333334,27.0,37.0,21.0,0,6.133333333333334,2
2012-13,Cleveland Cavaliers,1610612739,15,7,8,8,46.666666666666664,25.533333333333335,25.0,33.0,21.0,0,3.8666666666666667,3
2012-13,New Orleans Pelicans,1610612740,15,6,9,9,40.0,24.866666666666667,25.0,32.0,20.0,0,2.6,4
2012-13,Chicago Bulls,1610612741,15,7,8,7,50.0,28.133333333333333,28.0,35.0,20.0,0,6.4,1
2012-13,Dallas Mavericks,1610612742,15,5,10,10,33.33333333333333,29.0,27.0,38.0,22.0,0,6.066666666666666,4
2012-13,Denver Nuggets,1610612743,15,11,4,4,73.33333333333333,25.0,24.0,37.0,20.0,0,3.6666666666666665,2
2012-13,Golden State Warriors,1610612744,15,7,8,8,46.666666666666664,26.266666666666666,27.0,33.0,21.0,0,3.8666666666666667,5
2012-13,Houston Rockets,1610612745,15,2,13,13,13.333333333333334,24.466666666666665,24.0,31.0,21.0,0,1.9333333333333333,6
2012-13,Los Angeles Clippers,1610612746,15,6,9,9,40.0,29.533333333333335,30.0,40.0,22.0,0,7.733333333333333,1
2012-13,Los Angeles Lakers,1610612747,15,8,7,6,57.14285714285714,28.866666666666667,27.0,39.0,22.0,0,7.2,1
2012-13,Miami Heat,1610612748,15,11,4,4,73.33333333333333,31.333333333333332,32.0,40.0,24.0,0,9.066666666666666,1
2012-13,Milwaukee Bucks,1610612749,15,8,7,7,53.333333333333336,27.733333333333334,27.0,33.0,22.0,0,5.466666666666667,1
2012-13,Minnesota Timberwolves,1610612750,15,7,8,8,46.666666666666664,26.533333333333335,27.0,32.0,22.0,0,3.3333333333333335,1
2012-13,Brooklyn Nets,1610612751,15,5,10,10,33.33333333333333,28.133333333333333,28.0,38.0,21.0,0,6.0,4
2012-13,New York Knicks,1610612752,15,6,9,9,40.0,31.4,30.0,40.0,23.0,0,7.866666666666666,2
2012-13,Orlando Magic,1610612753,14,3,11,12,20.0,25.571428571428573,23.5,34.0,20.0,0,3.9285714285714284,5
2012-13,Indiana Pacers,1610612754,15,8,7,7,53.333333333333336,26.133333333333333,26.0,32.0,22.0,0,3.2666666666666666,3
2012-13,Philadelphia 76ers,1610612755,15,5,10,9,35.714285714285715,26.533333333333335,25.0,33.0,22.0,0,5.0,2
2012-13,Phoenix Suns,1610612756,15,5,10,8,38.46153846153847,26.866666666666667,27.0,34.0,21.0,0,4.066666666666666,2
2012-13,Portland Trail Blazers,1610612757,15,7,8,8,46.666666666666664,24.933333333333334,24.0,31.0,21.0,0,2.933333333333333,5
2012-13,Sacramento Kings,1610612758,13,9,4,5,64.28571428571429,25.923076923076923,26.0,33.0,22.0,0,3.8461538461538463,0
2012-13,San Antonio Spurs,1610612759,15,12,3,3,80.0,28.4,28.0,37.0,21.0,0,5.533333333333333,2
2012-13,Oklahoma City Thunder,1610612760,15,8,7,7,53.333333333333336,26.266666666666666,25.0,38.0,21.0,0,4.733333333333333,2
2012-13,Toronto Raptors,1610612761,15,6,9,8,42.857142857142854,26.266666666666666,27.0,31.0,21.0,0,4.333333333333333,3
2012-13,Utah Jazz,1610612762,15,10,5,5,66.66666666666666,26.466666666666665,26.0,35.0,21.0,0,4.466666666666667,2
2012-13,Memphis Grizzlies,1610612763,15,6,9,9,40.0,26.4,25.0,33.0,20.0,0,4.666666666666667,2
2012-13,Washington Wizards,1610612764,15,7,8,8,46.666666666666664,26.333333333333332,26.0,34.0,20.0,0,4.666666666666667,1
2012-13,Detroit Pistons,1610612765,14,7,7,7,50.0,25.928571428571427,25.5,33.0,19.0,0,3.5,5
2012-13,Charlotte Hornets,1610612766,15,7,8,8,46.666666666666664,26.266666666666666,26.0,33.0,19.0,0,4.466666666666667,2
2013-14,Atlanta Hawks,1610612737,15,7,8,8,46.666666666666664,27.2,27.0,35.0,20.0,0,4.266666666666667,3
2013-14,Boston Celtics,1610612738,15,5,10,10,33.33333333333333,26.6,26.0,34.0,22.0,0,4.533333333333333,4
2013-14,Cleveland Cavaliers,1610612739,15,7,8,8,46.666666666666664,24.8,24.0,31.0,20.0,0,3.3333333333333335,5
2013-14,New Orleans Pelicans,1610612740,16,8,8,7,53.333333333333336,25.4375,24.5,36.0,21.0,0,3.0625,2
2013-14,Chicago Bulls,1610612741,15,7,8,8,46.666666666666664,29.066666666666666,29.0,39.0,22.0,0,6.466666666666667,1
2013-14,Dallas Mavericks,1610612742,13,6,7,9,40.0,29.153846153846153,29.0,37.0,21.0,0,7.076923076923077,2
2013-14,Denver Nuggets,1610612743,15,9,6,6,60.0,25.666666666666668,26.0,30.0,21.0,0,4.266666666666667,0
2013-14,Golden State Warriors,1610612744,15,7,8,8,46.666666666666664,27.066666666666666,26.0,35.0,22.0,0,4.933333333333334,2
2013-14,Houston Rockets,1610612745,15,8,7,7,53.333333333333336,25.266666666666666,25.0,32.0,22.0,0,2.933333333333333,3
2013-14,Los Angeles Clippers,1610612746,14,7,7,8,46.666666666666664,29.214285714285715,29.0,35.0,23.0,0,7.142857142857143,1
2013-14,Los Angeles Lakers,1610612747,15,6,9,9,40.0,27.733333333333334,26.0,40.0,22.0,0,5.8,1
2013-14,Miami Heat,1610612748,15,11,4,4,73.33333333333333,30.4,30.0,38.0,24.0,0,8.2,1
2013-14,Milwaukee Bucks,1610612749,15,4,11,11,26.666666666666668,25.466666666666665,26.0,31.0,19.0,0,3.2,3
2013-14,Minnesota Timberwolves,1610612750,15,7,8,8,46.666666666666664,26.6,27.0,31.0,21.0,0,3.7333333333333334,3
2013-14,Brooklyn Nets,1610612751,15,5,10,10,33.33333333333333,29.466666666666665,28.0,38.0,21.0,0,7.133333333333334,2
2013-14,New York Knicks,1610612752,17,6,11,9,40.0,28.41176470588235,28.0,37.0,21.0,0,6.0,3
2013-14,Orlando Magic,1610612753,13,9,4,5,64.28571428571429,25.23076923076923,24.0,32.0,21.0,0,3.1538461538461537,2
2013-14,Indiana Pacers,1610612754,15,6,9,9,40.0,27.733333333333334,27.0,35.0,23.0,0,4.533333333333333,1
2013-14,Philadelphia 76ers,1610612755,15,3,12,12,20.0,24.0,24.0,33.0,20.0,0,2.466666666666667,5
2013-14,Phoenix Suns,1610612756,15,5,10,10,33.33333333333333,26.466666666666665,27.0,31.0,19.0,0,3.7333333333333334,3
2013-14,Portland Trail Blazers,1610612757,15,8,7,7,53.333333333333336,25.8,25.0,35.0,22.0,0,3.8666666666666667,2
2013-14,Sacramento Kings,1610612758,15,4,11,9,30.76923076923077,26.466666666666665,25.0,36.0,21.0,0,4.533333333333333,3
2013-14,San Antonio Spurs,1610612759,15,11,4,4,73.33333333333333,28.8,27.0,38.0,22.0,0,6.0,0
2013-14,Oklahoma City Thunder,1610612760,15,11,4,4,73.33333333333333,26.4,25.0,39.0,20.0,0,5.133333333333334,3
2013-14,Toronto Raptors,1610612761,15,6,9,9,40.0,26.866666666666667,27.0,34.0,22.0,0,4.2,1
2013-14,Utah Jazz,1610612762,15,6,9,9,40.0,25.066666666666666,24.0,34.0,21.0,0,3.066666666666667,4
2013-14,Memphis Grizzlies,1610612763,15,8,7,7,53.333333333333336,28.066666666666666,27.0,34.0,22.0,0,5.8,2
2013-14,Washington Wizards,1610612764,15,9,6,6,60.0,27.333333333333332,27.0,38.0,21.0,0,5.933333333333334,2
2013-14,Detroit Pistons,1610612765,15,7,8,7,50.0,26.066666666666666,26.0,37.0,20.0,0,3.933333333333333,4
2013-14,Charlotte Hornets,1610612766,15,8,7,7,53.333333333333336,27.066666666666666,27.0,34.0,20.0,0,4.866666666666666,1
2014-15,Atlanta Hawks,1610612737,15,12,3,3,80.0,27.866666666666667,27.0,36.0,21.0,0,5.066666666666666,0
2014-15,Boston Celtics,1610612738,15,7,8,8,46.666666666666664,25.2,25.0,32.0,19.0,0,3.1333333333333333,2
2014-15,Cleveland Cavaliers,1610612739,15,4,11,11,26.666666666666668,29.0,29.0,37.0,23.0,0,7.6,1
2014-15,New Orleans Pelicans,1610612740,14,8,6,8,50.0,26.214285714285715,26.0,29.0,22.0,0,4.071428571428571,0
2014-15,Chicago Bulls,1610612741,14,8,6,7,53.333333333333336,28.571428571428573,28.0,37.0,23.0,0,5.857142857142857,3
2014-15,Dallas Mavericks,1610612742,15,6,9,7,46.15384615384615,29.666666666666668,30.0,37.0,23.0,0,7.933333333333334,1
2014-15,Denver Nuggets,1610612743,15,7,8,8,46.666666666666664,25.4,25.0,33.0,20.0,0,3.6666666666666665,4
2014-15,Golden State Warriors,1610612744,15,10,5,5,66.66666666666666,27.2,27.0,32.0,22.0,0,5.066666666666666,1
2014-15,Houston Rockets,1610612745,15,5,10,10,33.33333333333333,27.266666666666666,26.0,38.0,21.0,0,4.533333333333333,4
2014-15,Los Angeles Clippers,1610612746,15,8,7,6,57.14285714285714,29.133333333333333,29.0,36.0,22.0,0,6.8,1
2014-15,Los Angeles Lakers,1610612747,16,6,10,9,40.0,26.5,26.0,36.0,20.0,0,4.5,4
2014-15,Miami Heat,1610612748,15,6,9,9,40.0,28.4,28.0,36.0,23.0,0,5.733333333333333,4
2014-15,Milwaukee Bucks,1610612749,15,6,9,9,40.0,24.333333333333332,24.0,31.0,20.0,0,3.0,4
2014-15,Minnesota Timberwolves,1610612750,16,7,9,8,46.666666666666664,26.0,25.0,39.0,20.0,0,3.25,3
2014-15,Brooklyn Nets,1610612751,15,6,9,9,40.0,27.266666666666666,27.0,34.0,21.0,0,4.133333333333334,3
2014-15,New York Knicks,1610612752,15,6,9,11,35.294117647058826,26.333333333333332,26.0,33.0,22.0,0,3.7333333333333334,3
2014-15,Orlando Magic,1610612753,15,7,8,6,53.84615384615385,25.4,24.0,34.0,19.0,0,3.7333333333333334,3
2014-15,Indiana Pacers,1610612754,15,11,4,4,73.33333333333333,28.533333333333335,28.0,35.0,24.0,0,4.8,2
2014-15,Philadelphia 76ers,1610612755,15,5,10,10,33.33333333333333,24.0,24.0,34.0,21.0,0,2.1333333333333333,6
2014-15,Phoenix Suns,1610612756,15,7,8,8,46.666666666666664,26.133333333333333,25.0,33.0,20.0,0,3.6666666666666665,1
2014-15,Portland Trail Blazers,1610612757,15,10,5,5,66.66666666666666,27.266666666666666,28.0,35.0,23.0,0,5.133333333333334,1
2014-15,Sacramento Kings,1610612758,15,8,7,7,53.333333333333336,27.133333333333333,27.0,39.0,21.0,0,5.0,3
2014-15,San Antonio Spurs,1610612759,15,13,2,2,86.66666666666667,29.466666666666665,28.0,39.0,21.0,0,6.733333333333333,1
2014-15,Oklahoma City Thunder,1610612760,15,8,7,7,53.333333333333336,25.666666666666668,25.0,34.0,21.0,0,4.066666666666666,1
2014-15,Toronto Raptors,1610612761,15,10,5,5,66.66666666666666,26.466666666666665,28.0,32.0,19.0,0,4.6,2
2014-15,Utah Jazz,1610612762,15,6,9,9,40.0,23.8,23.0,27.0,19.0,0,1.5333333333333334,7
2014-15,Memphis Grizzlies,1610612763,15,9,6,6,60.0,27.866666666666667,27.0,38.0,20.0,0,5.666666666666667,4
2014-15,Washington Wizards,1610612764,15,9,6,6,60.0,29.066666666666666,29.0,37.0,22.0,0,7.4,0
2014-15,Detroit Pistons,1610612765,15,4,11,11,26.666666666666668,27.466666666666665,27.0,35.0,21.0,0,5.2,1
2014-15,Charlotte Hornets,1610612766,15,7,8,8,46.666666666666664,25.533333333333335,25.0,32.0,19.0,0,4.133333333333334,2
2015-16,Atlanta Hawks,1610612737,15,9,6,6,60.0,28.266666666666666,28.0,35.0,22.0,0,5.6,2
2015-16,Boston Celtics,1610612738,15,10,5,5,66.66666666666666,24.733333333333334,25.0,29.0,20.0,0,2.8,4
2015-16,Cleveland Cavaliers,1610612739,15,9,6,6,60.0,29.666666666666668,30.0,36.0,24.0,0,7.133333333333334,2
2015-16,New Orleans Pelicans,1610612740,17,12,5,2,85.71428571428571,27.235294117647058,27.0,31.0,23.0,0,5.235294117647059,0
2015-16,Chicago Bulls,1610612741,16,12,4,2,85.71428571428571,27.1875,26.5,35.0,21.0,0,4.375,2
2015-16,Dallas Mavericks,1610612742,15,7,8,8,46.666666666666664,30.066666666666666,31.0,38.0,22.0,0,7.466666666666667,2
2015-16,Denver Nuggets,1610612743,15,9,6,6,60.0,25.733333333333334,25.0,36.0,20.0,0,4.266666666666667,3
2015-16,Golden State Warriors,1610612744,15,12,3,3,80.0,27.666666666666668,28.0,33.0,20.0,0,5.933333333333334,1
2015-16,Houston Rockets,1610612745,15,11,4,4,73.33333333333333,26.933333333333334,27.0,38.0,22.0,0,5.533333333333333,2
2015-16,Los Angeles Clippers,1610612746,15,7,8,8,46.666666666666664,29.533333333333335,29.0,39.0,23.0,0,6.666666666666667,1
2015-16,Los Angeles Lakers,1610612747,15,7,8,9,43.75,27.533333333333335,27.0,37.0,20.0,0,5.133333333333334,4
2015-16,Miami Heat,1610612748,15,8,7,7,53.333333333333336,29.066666666666666,30.0,36.0,20.0,0,7.466666666666667,3
2015-16,Milwaukee Bucks,1610612749,15,11,4,4,73.33333333333333,24.6,24.0,33.0,19.0,0,3.2666666666666666,2
2015-16,Minnesota Timberwolves,1610612750,14,8,6,8,50.0,26.428571428571427,25.0,40.0,20.0,0,3.857142857142857,3
2015-16,Brooklyn Nets,1610612751,15,6,9,9,40.0,25.666666666666668,26.0,32.0,21.0,0,3.2,3
2015-16,New York Knicks,1610612752,15,6,9,9,40.0,27.266666666666666,26.0,34.0,20.0,0,5.0,2
2015-16,Orlando Magic,1610612753,14,8,6,7,53.333333333333336,25.071428571428573,24.5,32.0,20.0,0,3.2857142857142856,1
2015-16,Indiana Pacers,1610612754,15,8,7,7,53.333333333333336,26.466666666666665,27.0,30.0,20.0,0,4.466666666666667,3
2015-16,Philadelphia 76ers,1610612755,15,7,8,8,46.666666666666664,24.6,24.0,37.0,20.0,0,2.7333333333333334,5
2015-16,Phoenix Suns,1610612756,14,6,8,9,40.0,26.071428571428573,25.5,33.0,19.0,0,4.142857142857143,2
2015-16,Portland Trail Blazers,1610612757,15,5,10,10,33.33333333333333,25.066666666666666,24.0,34.0,20.0,0,3.1333333333333333,3
2015-16,Sacramento Kings,1610612758,15,6,9,9,40.0,26.866666666666667,27.0,36.0,22.0,0,5.0,2
2015-16,San Antonio Spurs,1610612759,15,9,6,6,60.0,31.733333333333334,33.0,40.0,22.0,0,8.866666666666667,2
2015-16,Oklahoma City Thunder,1610612760,15,11,4,4,73.33333333333333,27.066666666666666,26.0,38.0,21.0,0,5.333333333333333,2
2015-16,Toronto Raptors,1610612761,15,8,7,7,53.333333333333336,26.133333333333333,25.0,36.0,20.0,0,4.2,2
2015-16,Utah Jazz,1610612762,15,10,5,5,66.66666666666666,24.533333333333335,24.0,28.0,20.0,0,2.3333333333333335,3
2015-16,Memphis Grizzlies,1610612763,16,7,9,8,46.666666666666664,28.75,28.0,39.0,21.0,0,6.625,2
2015-16,Washington Wizards,1610612764,15,8,7,7,53.333333333333336,27.933333333333334,29.0,34.0,20.0,0,5.866666666666666,2
2015-16,Detroit Pistons,1610612765,15,7,8,8,46.666666666666664,26.2,25.0,36.0,20.0,0,3.8666666666666667,2
2015-16,Charlotte Hornets,1610612766,15,6,9,9,40.0,26.2,27.0,31.0,21.0,0,4.666666666666667,2
2016-17,Atlanta Hawks,1610612737,15,7,8,8,46.666666666666664,28.533333333333335,28.0,36.0,22.0,0,6.2,3
2016-17,Boston Celtics,1610612738,15,11,4,4,73.33333333333333,25.733333333333334,26.0,31.0,20.0,0,4.2,2
2016-17,Cleveland Cavaliers,1610612739,15,10,5,5,66.66666666666666,30.266666666666666,31.0,37.0,22.0,0,8.533333333333333,1
2016-17,New Orleans Pelicans,1610612740,15,7,8,10,41.17647058823529,26.466666666666665,26.0,30.0,20.0,0,4.0,2
2016-17,Chicago Bulls,1610612741,15,4,11,12,25.0,26.2,25.0,35.0,22.0,0,3.8666666666666667,2
2016-17,Dallas Mavericks,1610612742,16,6,10,9,40.0,27.625,25.5,39.0,23.0,0,4.0625,5
2016-17,Denver Nuggets,1610612743,15,10,5,5,66.66666666666666,26.333333333333332,27.0,37.0,20.0,0,4.933333333333334,3
2016-17,Golden State Warriors,1610612744,15,8,7,7,53.333333333333336,28.266666666666666,28.0,37.0,21.0,0,6.733333333333333,2
2016-17,Houston Rockets,1610612745,15,6,9,9,40.0,26.466666666666665,27.0,34.0,20.0,0,4.666666666666667,4
2016-17,Los Angeles Clippers,1610612746,15,9,6,6,60.0,30.066666666666666,30.0,39.0,20.0,0,8.266666666666667,2
2016-17,Los Angeles Lakers,1610612747,15,7,8,8,46.666666666666664,26.0,25.0,37.0,19.0,0,4.4,3
2016-17,Miami Heat,1610612748,15,8,7,7,53.333333333333336,27.733333333333334,28.0,37.0,21.0,0,5.066666666666666,2
2016-17,Milwaukee Bucks,1610612749,15,6,9,9,40.0,25.866666666666667,25.0,39.0,20.0,0,4.266666666666667,3
2016-17,Minnesota Timberwolves,1610612750,15,10,5,4,71.42857142857143,25.933333333333334,26.0,31.0,21.0,0,3.6,1
2016-17,Brooklyn Nets,1610612751,15,3,12,12,20.0,25.8,26.0,33.0,22.0,0,3.466666666666667,2
2016-17,New York Knicks,1610612752,15,5,10,10,33.33333333333333,27.266666666666666,27.0,33.0,21.0,0,3.933333333333333,6
2016-17,Orlando Magic,1610612753,15,6,9,8,42.857142857142854,25.666666666666668,24.0,33.0,20.0,0,3.8666666666666667,3
2016-17,Indiana Pacers,1610612754,15,8,7,7,53.333333333333336,27.266666666666666,27.0,32.0,21.0,0,5.733333333333333,1
2016-17,Philadelphia 76ers,1610612755,16,6,10,9,40.0,24.75,23.0,32.0,20.0,0,2.125,6
2016-17,Phoenix Suns,1610612756,15,8,7,6,57.14285714285714,25.6,24.0,34.0,19.0,0,4.533333333333333,4
2016-17,Portland Trail Blazers,1610612757,15,9,6,6,60.0,24.733333333333334,25.0,28.0,21.0,0,3.066666666666667,2
2016-17,Sacramento Kings,1610612758,14,5,9,10,33.33333333333333,25.857142857142858,26.0,31.0,19.0,0,4.285714285714286,4
2016-17,San Antonio Spurs,1610612759,15,8,7,7,53.333333333333336,29.133333333333333,28.0,39.0,20.0,0,6.6,3
2016-17,Oklahoma City Thunder,1610612760,15,7,8,8,46.666666666666664,26.133333333333333,25.0,36.0,21.0,0,3.6666666666666665,3
2016-17,Toronto Raptors,1610612761,15,10,5,5,66.66666666666666,25.733333333333334,25.0,32.0,21.0,0,3.8,3
2016-17,Utah Jazz,1610612762,15,11,4,4,73.33333333333333,26.733333333333334,25.0,36.0,21.0,0,4.8,1
2016-17,Memphis Grizzlies,1610612763,15,8,7,8,50.0,27.6,27.0,40.0,20.0,0,5.533333333333333,4
2016-17,Washington Wizards,1610612764,15,6,9,9,40.0,25.933333333333334,25.0,33.0,21.0,0,3.8,3
2016-17,Detroit Pistons,1610612765,15,9,6,6,60.0,25.933333333333334,26.0,34.0,20.0,0,3.6666666666666665,2
2016-17,Charlotte Hornets,1610612766,15,7,8,8,46.666666666666664,26.333333333333332,25.0,31.0,21.0,0,4.4,1
2017-18,Atlanta Hawks,1610612737,18,6,12,9,40.0,25.22222222222222,24.5,30.0,20.0,0,1.7777777777777777,8
2017-18,Boston Celtics,1610612738,19,4,15,11,26.666666666666668,25.789473684210527,25.0,32.0,20.0,0,2.736842105263158,7
2017-18,Cleveland Cavaliers,1610612739,15,5,10,10,33.33333333333333,29.0,29.0,37.0,21.0,0,7.266666666666667,2
2017-18,New Orleans Pelicans,1610612740,17,8,9,7,53.333333333333336,27.41176470588235,28.0,35.0,20.0,0,4.588235294117647,2
2017-18,Chicago Bulls,1610612741,18,7,11,8,46.666666666666664,24.88888888888889,24.0,31.0,21.0,0,2.388888888888889,3
2017-18,Dallas Mavericks,1610612742,17,10,7,6,62.5,27.0,26.0,40.0,20.0,0,3.6470588235294117,5
2017-18,Denver Nuggets,1610612743,17,10,7,5,66.66666666666666,26.705882352941178,27.0,38.0,21.0,0,4.823529411764706,3
2017-18,Golden State Warriors,1610612744,15,12,3,3,80.0,28.666666666666668,29.0,37.0,22.0,0,7.066666666666666,1
2017-18,Houston Rockets,1610612745,17,7,10,8,46.666666666666664,29.176470588235293,30.0,37.0,21.0,0,6.9411764705882355,2
2017-18,Los Angeles Clippers,1610612746,16,3,13,12,20.0,26.8125,27.5,31.0,21.0,0,4.0625,5
2017-18,Los Angeles Lakers,1610612747,17,5,12,10,33.33333333333333,25.41176470588235,24.0,35.0,20.0,0,3.1176470588235294,6
2017-18,Miami Heat,1610612748,17,11,6,4,73.33333333333333,27.235294117647058,26.0,38.0,20.0,0,5.0,2
2017-18,Milwaukee Bucks,1610612749,17,9,8,6,60.0,26.058823529411764,26.0,40.0,21.0,0,4.176470588235294,2
2017-18,Minnesota Timberwolves,1610612750,16,6,10,9,40.0,27.5,28.0,38.0,21.0,0,4.9375,2
2017-18,Brooklyn Nets,1610612751,17,7,10,8,46.666666666666664,25.352941176470587,24.0,31.0,20.0,0,3.2941176470588234,3
2017-18,New York Knicks,1610612752,17,6,11,9,40.0,26.058823529411764,25.0,34.0,19.0,0,4.176470588235294,4
2017-18,Orlando Magic,1610612753,15,7,8,8,46.666666666666664,25.733333333333334,25.0,32.0,20.0,0,3.8,5
2017-18,Indiana Pacers,1610612754,17,6,11,9,40.0,25.529411764705884,26.0,33.0,19.0,0,3.9411764705882355,4
2017-18,Philadelphia 76ers,1610612755,16,9,7,7,56.25,25.8125,24.0,34.0,20.0,0,4.0625,3
2017-18,Phoenix Suns,1610612756,17,10,7,5,66.66666666666666,24.470588235294116,24.0,35.0,20.0,0,3.176470588235294,4
2017-18,Portland Trail Blazers,1610612757,16,11,5,4,73.33333333333333,24.8125,25.5,29.0,20.0,0,3.375,2
2017-18,Sacramento Kings,1610612758,17,5,12,9,35.714285714285715,26.235294117647058,25.0,41.0,20.0,0,3.9411764705882355,6
2017-18,San Antonio Spurs,1610612759,17,11,6,4,73.33333333333333,28.352941176470587,27.0,40.0,21.0,0,6.0,3
2017-18,Oklahoma City Thunder,1610612760,17,8,9,7,53.333333333333336,27.176470588235293,26.0,37.0,20.0,0,5.352941176470588,4
2017-18,Toronto Raptors,1610612761,16,10,6,5,66.66666666666666,25.625,25.0,32.0,20.0,0,3.625,3
2017-18,Utah Jazz,1610612762,17,6,11,9,40.0,26.352941176470587,26.0,34.0,20.0,0,3.588235294117647,4
2017-18,Memphis Grizzlies,1610612763,18,8,10,7,53.333333333333336,25.72222222222222,25.0,33.0,20.0,0,3.3333333333333335,4
2017-18,Washington Wizards,1610612764,16,10,6,5,66.66666666666666,27.75,27.5,34.0,22.0,0,5.5625,1
2017-18,Detroit Pistons,1610612765,17,7,10,8,46.666666666666664,26.88235294117647,27.0,36.0,21.0,0,4.176470588235294,2
2017-18,Charlotte Hornets,1610612766,16,8,8,7,53.333333333333336,25.9375,25.0,32.0,20.0,0,4.0625,4
2018-19,Atlanta Hawks,1610612737,15,6,9,12,33.33333333333333,25.4,25.0,42.0,20.0,0,3.466666666666667,5
2018-19,Boston Celtics,1610612738,17,13,4,6,68.42105263157895,26.176470588235293,25.0,33.0,21.0,0,3.411764705882353,2
2018-19,Cleveland Cavaliers,1610612739,17,7,10,8,46.666666666666664,26.352941176470587,26.0,36.0,20.0,0,4.529411764705882,3
2018-19,New Orleans Pelicans,1610612740,16,8,8,9,47.05882352941176,25.5,24.5,30.0,21.0,0,3.375,4
2018-19,Chicago Bulls,1610612741,17,8,9,10,44.44444444444444,24.176470588235293,24.0,31.0,20.0,0,2.0588235294117645,4
2018-19,Dallas Mavericks,1610612742,17,6,11,11,35.294117647058826,27.764705882352942,27.0,41.0,20.0,0,4.705882352941177,5
2018-19,Denver Nuggets,1610612743,17,12,5,5,70.58823529411765,24.764705882352942,23.0,34.0,20.0,0,2.8823529411764706,4
2018-19,Golden State Warriors,1610612744,17,10,7,5,66.66666666666666,27.941176470588236,28.0,35.0,22.0,0,5.823529411764706,2
2018-19,Houston Rockets,1610612745,17,7,10,10,41.17647058823529,27.470588235294116,26.0,36.0,20.0,0,5.411764705882353,6
2018-19,Los Angeles Clippers,1610612746,16,6,10,10,37.5,26.3125,25.0,33.0,20.0,0,3.75,4
2018-19,Los Angeles Lakers,1610612747,17,6,11,11,35.294117647058826,26.235294117647058,25.0,36.0,19.0,0,4.882352941176471,4
2018-19,Miami Heat,1610612748,15,11,4,6,64.70588235294117,27.866666666666667,27.0,39.0,21.0,0,5.666666666666667,3
2018-19,Milwaukee Bucks,1610612749,16,7,9,10,41.17647058823529,27.5625,27.0,38.0,22.0,0,5.375,2
2018-19,Minnesota Timberwolves,1610612750,18,7,11,9,43.75,27.333333333333332,27.5,34.0,20.0,0,4.666666666666667,5
2018-19,Brooklyn Nets,1610612751,16,8,8,9,47.05882352941176,25.5625,25.5,33.0,20.0,0,3.6875,3
2018-19,New York Knicks,1610612752,17,6,11,11,35.294117647058826,23.941176470588236,23.0,31.0,19.0,0,2.3529411764705883,4
2018-19,Orlando Magic,1610612753,17,8,9,7,53.333333333333336,25.294117647058822,26.0,32.0,21.0,0,3.2941176470588234,4
2018-19,Indiana Pacers,1610612754,15,9,6,8,52.94117647058824,26.266666666666666,27.0,32.0,22.0,0,4.2,2
2018-19,Philadelphia 76ers,1610612755,17,6,11,10,37.5,26.470588235294116,27.0,35.0,20.0,0,4.117647058823529,4
2018-19,Phoenix Suns,1610612756,16,5,11,12,29.411764705882355,24.5,22.5,39.0,20.0,0,3.0,6
2018-19,Portland Trail Blazers,1610612757,15,9,6,7,56.25,25.333333333333332,26.0,30.0,20.0,0,4.266666666666667,2
2018-19,Sacramento Kings,1610612758,17,7,10,10,41.17647058823529,25.235294117647058,25.0,33.0,20.0,0,2.9411764705882355,4
2018-19,San Antonio Spurs,1610612759,17,7,10,10,41.17647058823529,26.823529411764707,26.0,33.0,20.0,0,4.882352941176471,3
2018-19,Oklahoma City Thunder,1610612760,16,8,8,9,47.05882352941176,26.0625,25.0,35.0,20.0,0,4.5,3
2018-19,Toronto Raptors,1610612761,16,7,9,9,43.75,27.5625,26.5,34.0,21.0,0,4.9375,1
2018-19,Utah Jazz,1610612762,17,13,4,4,76.47058823529412,27.294117647058822,27.0,38.0,21.0,0,4.529411764705882,1
2018-19,Memphis Grizzlies,1610612763,18,4,14,14,22.22222222222222,26.5,27.0,34.0,19.0,0,4.5,4
2018-19,Washington Wizards,1610612764,17,5,12,11,31.25,26.941176470588236,26.0,33.0,19.0,0,5.176470588235294,2
2018-19,Detroit Pistons,1610612765,17,7,10,10,41.17647058823529,27.352941176470587,27.0,37.0,22.0,0,5.117647058823529,3
2018-19,Charlotte Hornets,1610612766,17,10,7,6,62.5,26.41176470588235,26.0,37.0,21.0,0,5.0,4
2019-20,Atlanta Hawks,1610612737,16,6,10,9,40.0,25.3125,24.0,43.0,20.0,0,3.6875,4
2019-20,Boston Celtics,1610612738,17,8,9,9,47.05882352941176,25.0,25.0,30.0,20.0,0,2.411764705882353,7
2019-20,Cleveland Cavaliers,1610612739,16,7,9,10,41.17647058823529,24.875,25.0,31.0,20.0,0,3.1875,5
2019-20,New Orleans Pelicans,1610612740,18,6,12,10,37.5,25.5,25.0,36.0,19.0,0,3.388888888888889,5
2019-20,Chicago Bulls,1610612741,17,10,7,7,58.82352941176471,24.764705882352942,25.0,32.0,20.0,0,2.6470588235294117,4
2019-20,Dallas Mavericks,1610612742,18,11,7,6,64.70588235294117,27.22222222222222,27.0,36.0,21.0,0,4.444444444444445,1
2019-20,Denver Nuggets,1610612743,17,9,8,8,52.94117647058824,25.470588235294116,25.0,35.0,20.0,0,3.588235294117647,4
2019-20,Golden State Warriors,1610612744,13,5,8,12,29.411764705882355,25.307692307692307,25.0,32.0,19.0,0,3.0,6
2019-20,Houston Rockets,1610612745,18,6,12,11,35.294117647058826,29.666666666666668,29.5,37.0,22.0,0,7.444444444444445,3
2019-20,Los Angeles Clippers,1610612746,17,8,9,8,50.0,27.764705882352942,29.0,35.0,22.0,0,5.470588235294118,3
2019-20,Los Angeles Lakers,1610612747,18,6,12,11,35.294117647058826,28.77777777777778,28.5,35.0,19.0,0,7.611111111111111,2
2019-20,Miami Heat,1610612748,17,7,10,8,46.666666666666664,27.11764705882353,26.0,40.0,20.0,0,4.823529411764706,6
2019-20,Milwaukee Bucks,1610612749,17,10,7,6,62.5,29.235294117647058,28.0,39.0,23.0,0,7.0,0
2019-20,Minnesota Timberwolves,1610612750,16,2,14,16,11.11111111111111,23.8125,23.5,33.0,20.0,0,2.5,5
2019-20,Brooklyn Nets,1610612751,21,6,15,10,37.5,27.142857142857142,26.0,40.0,21.0,0,5.285714285714286,3
2019-20,New York Knicks,1610612752,17,5,12,12,29.411764705882355,24.647058823529413,24.0,35.0,20.0,0,3.2941176470588234,4
2019-20,Orlando Magic,1610612753,17,12,5,5,70.58823529411765,25.941176470588236,25.0,32.0,22.0,0,4.117647058823529,1
2019-20,Indiana Pacers,1610612754,17,8,9,7,53.333333333333336,25.41176470588235,26.0,31.0,20.0,0,3.235294117647059,2
2019-20,Philadelphia 76ers,1610612755,17,7,10,10,41.17647058823529,26.352941176470587,26.0,34.0,21.0,0,3.823529411764706,3
2019-20,Phoenix Suns,1610612756,16,5,11,11,31.25,24.4375,24.0,33.0,20.0,0,2.5625,4
2019-20,Portland Trail Blazers,1610612757,17,7,10,8,46.666666666666664,25.352941176470587,24.0,36.0,20.0,0,4.235294117647059,4
2019-20,Sacramento Kings,1610612758,17,9,8,8,52.94117647058824,26.058823529411764,27.0,34.0,21.0,0,3.823529411764706,3
2019-20,San Antonio Spurs,1610612759,17,12,5,5,70.58823529411765,26.11764705882353,24.0,34.0,20.0,0,4.882352941176471,3
2019-20,Oklahoma City Thunder,1610612760,17,8,9,8,50.0,25.058823529411764,26.0,35.0,20.0,0,3.4705882352941178,5
2019-20,Toronto Raptors,1610612761,17,10,7,6,62.5,26.176470588235293,25.0,35.0,22.0,0,3.588235294117647,5
2019-20,Utah Jazz,1610612762,17,6,11,11,35.294117647058826,26.058823529411764,25.0,32.0,22.0,0,3.235294117647059,6
2019-20,Memphis Grizzlies,1610612763,17,5,12,13,27.77777777777778,24.529411764705884,24.0,35.0,20.0,0,2.6470588235294117,5
2019-20,Washington Wizards,1610612764,19,5,14,12,29.411764705882355,25.31578947368421,25.0,33.0,20.0,0,3.1052631578947367,4
2019-20,Detroit Pistons,1610612765,17,7,10,10,41.17647058823529,25.294117647058822,24.0,31.0,19.0,0,3.5294117647058822,3
2019-20,Charlotte Hornets,1610612766,15,8,7,9,47.05882352941176,24.4,24.0,31.0,21.0,0,2.7333333333333334,4
2020-21,Atlanta Hawks,1610612737,17,8,9,8,50.0,25.352941176470587,23.0,34.0,20.0,0,3.823529411764706,3
2020-21,Boston Celtics,1610612738,18,10,8,7,58.82352941176471,24.77777777777778,23.5,35.0,21.0,0,3.5,2
2023-24,Houston Rockets,1610612745,18,0,18,0,0.0,26.555555555555557,26.0,37.0,19.0,0,4.222222222222222,3
2023-24,Los Angeles Clippers,1610612746,18,0,18,0,0.0,28.88888888888889,28.0,39.0,22.0,0,6.333333333333333,2
2023-24,Los Angeles Lakers,1610612747,18,0,18,0,0.0,26.61111111111111,26.0,39.0,21.0,0,5.111111111111111,3
2023-24,Miami Heat,1610612748,18,0,18,0,0.0,27.72222222222222,26.5,35.0,21.0,0,5.444444444444445,1
2023-24,Milwaukee Bucks,1610612749,18,0,18,0,0.0,28.0,29.0,36.0,20.0,0,6.333333333333333,3
2023-24,Minnesota Timberwolves,1610612750,17,0,17,0,0.0,25.823529411764707,25.0,36.0,20.0,0,4.764705882352941,2
2023-24,Brooklyn Nets,1610612751,18,0,18,0,0.0,24.555555555555557,25.0,31.0,19.0,0,3.388888888888889,4
2023-24,New York Knicks,1610612752,18,0,18,0,0.0,26.88888888888889,26.5,35.0,23.0,0,4.777777777777778,1
2023-24,Orlando Magic,1610612753,18,0,18,0,0.0,25.0,25.0,36.0,20.0,0,3.4444444444444446,2
2023-24,Indiana Pacers,1610612754,18,0,18,0,0.0,25.555555555555557,24.0,37.0,20.0,0,3.5555555555555554,4
2023-24,Philadelphia 76ers,1610612755,16,0,16,0,0.0,28.0,27.5,38.0,21.0,0,6.5625,2
2023-24,Phoenix Suns,1610612756,18,0,18,0,0.0,28.833333333333332,28.5,36.0,23.0,0,7.222222222222222,0
2023-24,Portland Trail Blazers,1610612757,18,0,18,0,0.0,24.38888888888889,24.0,31.0,20.0,0,2.5,6
2023-24,Sacramento Kings,1610612758,18,0,18,0,0.0,26.61111111111111,26.0,36.0,22.0,0,4.333333333333333,4
2023-24,San Antonio Spurs,1610612759,18,0,18,0,0.0,23.5,23.5,29.0,20.0,0,2.2222222222222223,2
2023-24,Oklahoma City Thunder,1610612760,18,0,18,0,0.0,25.22222222222222,24.5,34.0,20.0,0,3.5,4
2023-24,Toronto Raptors,1610612761,17,0,17,0,0.0,26.176470588235293,25.0,38.0,20.0,0,3.7058823529411766,5
2023-24,Utah Jazz,1610612762,18,0,18,0,0.0,24.22222222222222,24.0,32.0,20.0,0,3.0555555555555554,3
2023-24,Memphis Grizzlies,1610612763,18,0,18,0,0.0,25.444444444444443,24.5,35.0,19.0,0,3.6666666666666665,2
2023-24,Washington Wizards,1610612764,17,0,17,0,0.0,24.823529411764707,25.0,31.0,19.0,0,3.0588235294117645,3
2023-24,Detroit Pistons,1610612765,18,0,18,0,0.0,24.944444444444443,24.0,39.0,20.0,0,3.0,3
2023-24,Charlotte Hornets,1610612766,18,0,18,0,0.0,24.555555555555557,24.0,33.0,20.0,0,2.5555555555555554,5
2024-25,Atlanta Hawks,1610612737,18,0,18,0,0.0,25.72222222222222,25.5,32.0,20.0,0,3.7777777777777777,3
2024-25,Boston Celtics,1610612738,17,0,17,0,0.0,27.823529411764707,27.0,39.0,21.0,0,5.588235294117647,2
2024-25,Cleveland Cavaliers,1610612739,18,0,18,0,0.0,26.333333333333332,26.5,34.0,21.0,0,4.111111111111111,3
2024-25,New Orleans Pelicans,1610612740,18,0,18,0,0.0,26.055555555555557,24.5,34.0,21.0,0,3.8333333333333335,4
2024-25,Chicago Bulls,1610612741,18,0,18,0,0.0,24.88888888888889,25.0,34.0,20.0,0,3.9444444444444446,3
2024-25,Dallas Mavericks,1610612742,17,0,17,0,0.0,27.176470588235293,26.0,35.0,21.0,0,5.764705882352941,0
2024-25,Denver Nuggets,1610612743,18,0,18,0,0.0,26.61111111111111,25.0,36.0,22.0,0,4.888888888888889,4
2024-25,Golden State Warriors,1610612744,17,0,17,0,0.0,27.764705882352942,28.0,37.0,22.0,0,4.9411764705882355,3
2024-25,Houston Rockets,1610612745,18,14,4,4,77.77777777777779,26.166666666666668,25.0,38.0,20.0,0,4.0,3
2024-25,Los Angeles Clippers,1610612746,18,7,11,11,38.88888888888889,28.444444444444443,28.0,36.0,19.0,0,6.777777777777778,2
2024-25,Los Angeles Lakers,1610612747,17,6,11,12,33.33333333333333,28.235294117647058,27.0,40.0,20.0,0,6.0,2
2024-25,Miami Heat,1610612748,18,8,10,10,44.44444444444444,27.055555555555557,26.5,36.0,21.0,0,5.0,4
2024-25,Milwaukee Bucks,1610612749,18,9,9,9,50.0,27.11111111111111,26.0,37.0,20.0,0,5.333333333333333,1
2024-25,Minnesota Timberwolves,1610612750,18,10,8,7,58.82352941176471,26.22222222222222,24.5,37.0,20.0,0,4.5,5
2024-25,Brooklyn Nets,1610612751,18,9,9,9,50.0,24.166666666666668,24.0,29.0,20.0,0,2.5555555555555554,3
2024-25,New York Knicks,1610612752,18,6,12,12,33.33333333333333,27.055555555555557,27.0,40.0,19.0,0,4.833333333333333,5
2024-25,Orlando Magic,1610612753,17,12,5,6,66.66666666666666,25.470588235294116,26.0,33.0,21.0,0,4.0,2
2024-25,Indiana Pacers,1610612754,18,13,5,5,72.22222222222221,26.166666666666668,25.0,38.0,20.0,0,4.277777777777778,3
2024-25,Philadelphia 76ers,1610612755,18,6,12,10,37.5,27.333333333333332,26.0,39.0,21.0,0,5.555555555555555,4
2024-25,Phoenix Suns,1610612756,18,7,11,11,38.88888888888889,28.444444444444443,29.0,36.0,22.0,0,5.722222222222222,3
2024-25,Portland Trail Blazers,1610612757,18,14,4,4,77.77777777777779,24.5,24.5,31.0,21.0,0,3.0,1
2024-25,Sacramento Kings,1610612758,17,6,11,12,33.33333333333333,27.823529411764707,27.0,35.0,23.0,0,6.0588235294117645,3
2024-25,San Antonio Spurs,1610612759,18,10,8,8,55.55555555555556,25.666666666666668,24.0,40.0,20.0,0,4.611111111111111,3
2024-25,Oklahoma City Thunder,1610612760,18,11,7,7,61.111111111111114,24.666666666666668,24.5,31.0,19.0,0,2.5555555555555554,5
2024-25,Toronto Raptors,1610612761,17,8,9,9,47.05882352941176,25.235294117647058,25.0,39.0,19.0,0,3.3529411764705883,5
2024-25,Utah Jazz,1610612762,18,10,8,8,55.55555555555556,24.22222222222222,24.0,33.0,20.0,0,3.0,4
2024-25,Memphis Grizzlies,1610612763,19,10,9,8,55.55555555555556,25.36842105263158,25.0,32.0,20.0,0,3.3684210526315788,5
2024-25,Washington Wizards,1610612764,18,7,11,10,41.17647058823529,24.944444444444443,23.5,33.0,19.0,0,3.5555555555555554,5
2024-25,Detroit Pistons,1610612765,18,7,11,11,38.88888888888889,25.333333333333332,24.0,33.0,19.0,0,3.7222222222222223,4
2024-25,Charlotte Hornets,1610612766,18,8,10,10,44.44444444444444,25.444444444444443,24.0,40.0,19.0,0,4.222222222222222,3
